{
  "generated_at": "2026-03-06T17:59:56.930719+00:00",
  "execution_time_seconds": 589.791,
  "panel": {
    "n_provinces": 63,
    "n_years": 14,
    "years": [
      2011,
      2012,
      2013,
      2014,
      2015,
      2016,
      2017,
      2018,
      2019,
      2020,
      2021,
      2022,
      2023,
      2024
    ],
    "n_criteria": 8,
    "n_subcriteria": 29,
    "provinces": [
      "P01",
      "P02",
      "P03",
      "P04",
      "P05",
      "P06",
      "P07",
      "P08",
      "P09",
      "P10",
      "P11",
      "P12",
      "P13",
      "P14",
      "P15",
      "P16",
      "P17",
      "P18",
      "P19",
      "P20",
      "P21",
      "P22",
      "P23",
      "P24",
      "P25",
      "P26",
      "P27",
      "P28",
      "P29",
      "P30",
      "P31",
      "P32",
      "P33",
      "P34",
      "P35",
      "P36",
      "P37",
      "P38",
      "P39",
      "P40",
      "P41",
      "P42",
      "P43",
      "P44",
      "P45",
      "P46",
      "P47",
      "P48",
      "P49",
      "P50",
      "P51",
      "P52",
      "P53",
      "P54",
      "P55",
      "P56",
      "P57",
      "P58",
      "P59",
      "P60",
      "P61",
      "P62",
      "P63"
    ]
  },
  "ranking": {
    "final_ranking": {
      "P01": 36,
      "P02": 30,
      "P03": 55,
      "P04": 22,
      "P05": 38,
      "P06": 48,
      "P07": 44,
      "P08": 39,
      "P09": 25,
      "P10": 46,
      "P11": 31,
      "P12": 3,
      "P13": 20,
      "P14": 4,
      "P15": 24,
      "P16": 26,
      "P18": 9,
      "P19": 40,
      "P20": 43,
      "P21": 16,
      "P22": 10,
      "P23": 37,
      "P24": 18,
      "P25": 27,
      "P26": 11,
      "P27": 28,
      "P28": 7,
      "P29": 23,
      "P30": 8,
      "P31": 13,
      "P32": 29,
      "P33": 51,
      "P34": 32,
      "P35": 35,
      "P36": 52,
      "P37": 33,
      "P38": 5,
      "P39": 1,
      "P40": 60,
      "P41": 54,
      "P42": 34,
      "P43": 57,
      "P44": 56,
      "P45": 50,
      "P46": 2,
      "P47": 15,
      "P48": 53,
      "P49": 6,
      "P50": 45,
      "P51": 47,
      "P53": 49,
      "P54": 59,
      "P55": 42,
      "P56": 19,
      "P57": 41,
      "P58": 61,
      "P59": 58,
      "P60": 17,
      "P61": 21,
      "P62": 14,
      "P63": 12
    },
    "final_scores": {
      "P01": 0.481194,
      "P02": 0.504536,
      "P03": 0.392346,
      "P04": 0.528058,
      "P05": 0.475827,
      "P06": 0.417844,
      "P07": 0.436475,
      "P08": 0.458393,
      "P09": 0.518112,
      "P10": 0.4288,
      "P11": 0.501495,
      "P12": 0.624182,
      "P13": 0.532755,
      "P14": 0.620466,
      "P15": 0.523908,
      "P16": 0.516482,
      "P18": 0.575103,
      "P19": 0.451253,
      "P20": 0.440756,
      "P21": 0.542367,
      "P22": 0.570768,
      "P23": 0.478164,
      "P24": 0.535544,
      "P25": 0.512269,
      "P26": 0.565986,
      "P27": 0.507427,
      "P28": 0.582527,
      "P29": 0.526449,
      "P30": 0.581789,
      "P31": 0.559953,
      "P32": 0.506946,
      "P33": 0.407813,
      "P34": 0.498518,
      "P35": 0.483914,
      "P36": 0.407506,
      "P37": 0.486732,
      "P38": 0.6129,
      "P39": 0.658422,
      "P40": 0.352956,
      "P41": 0.392943,
      "P42": 0.484502,
      "P43": 0.376134,
      "P44": 0.379058,
      "P45": 0.408222,
      "P46": 0.635842,
      "P47": 0.542528,
      "P48": 0.396106,
      "P49": 0.604459,
      "P50": 0.434178,
      "P51": 0.427296,
      "P53": 0.41184,
      "P54": 0.355138,
      "P55": 0.444912,
      "P56": 0.533552,
      "P57": 0.448485,
      "P58": 0.345482,
      "P59": 0.366968,
      "P60": 0.539923,
      "P61": 0.528451,
      "P62": 0.550544,
      "P63": 0.565532
    },
    "top_5_provinces": [
      "P39",
      "P46",
      "P12",
      "P14",
      "P38"
    ],
    "n_ranked": 61
  }
}