{
  "generated_at": "2026-03-05T17:45:15.789616+00:00",
  "execution_time_seconds": 356.817,
  "panel": {
    "n_provinces": 63,
    "n_years": 14,
    "years": [
      2011,
      2012,
      2013,
      2014,
      2015,
      2016,
      2017,
      2018,
      2019,
      2020,
      2021,
      2022,
      2023,
      2024
    ],
    "n_criteria": 8,
    "n_subcriteria": 29,
    "provinces": [
      "P01",
      "P02",
      "P03",
      "P04",
      "P05",
      "P06",
      "P07",
      "P08",
      "P09",
      "P10",
      "P11",
      "P12",
      "P13",
      "P14",
      "P15",
      "P16",
      "P17",
      "P18",
      "P19",
      "P20",
      "P21",
      "P22",
      "P23",
      "P24",
      "P25",
      "P26",
      "P27",
      "P28",
      "P29",
      "P30",
      "P31",
      "P32",
      "P33",
      "P34",
      "P35",
      "P36",
      "P37",
      "P38",
      "P39",
      "P40",
      "P41",
      "P42",
      "P43",
      "P44",
      "P45",
      "P46",
      "P47",
      "P48",
      "P49",
      "P50",
      "P51",
      "P52",
      "P53",
      "P54",
      "P55",
      "P56",
      "P57",
      "P58",
      "P59",
      "P60",
      "P61",
      "P62",
      "P63"
    ]
  },
  "ranking": {
    "final_ranking": {
      "P01": 36,
      "P02": 30,
      "P03": 55,
      "P04": 21,
      "P05": 37,
      "P06": 48,
      "P07": 44,
      "P08": 39,
      "P09": 26,
      "P10": 46,
      "P11": 31,
      "P12": 3,
      "P13": 20,
      "P14": 4,
      "P15": 24,
      "P16": 25,
      "P18": 9,
      "P19": 40,
      "P20": 43,
      "P21": 16,
      "P22": 10,
      "P23": 38,
      "P24": 18,
      "P25": 27,
      "P26": 11,
      "P27": 28,
      "P28": 8,
      "P29": 22,
      "P30": 7,
      "P31": 13,
      "P32": 29,
      "P33": 49,
      "P34": 32,
      "P35": 33,
      "P36": 51,
      "P37": 35,
      "P38": 5,
      "P39": 1,
      "P40": 59,
      "P41": 54,
      "P42": 34,
      "P43": 57,
      "P44": 56,
      "P45": 52,
      "P46": 2,
      "P47": 17,
      "P48": 53,
      "P49": 6,
      "P50": 45,
      "P51": 47,
      "P53": 50,
      "P54": 60,
      "P55": 42,
      "P56": 19,
      "P57": 41,
      "P58": 61,
      "P59": 58,
      "P60": 15,
      "P61": 23,
      "P62": 14,
      "P63": 12
    },
    "final_scores": {
      "P01": 0.476981,
      "P02": 0.501868,
      "P03": 0.388022,
      "P04": 0.528389,
      "P05": 0.475441,
      "P06": 0.416784,
      "P07": 0.435437,
      "P08": 0.453179,
      "P09": 0.512594,
      "P10": 0.427331,
      "P11": 0.499934,
      "P12": 0.619776,
      "P13": 0.529206,
      "P14": 0.611007,
      "P15": 0.521996,
      "P16": 0.513118,
      "P18": 0.571981,
      "P19": 0.447401,
      "P20": 0.437138,
      "P21": 0.540411,
      "P22": 0.568305,
      "P23": 0.474637,
      "P24": 0.533632,
      "P25": 0.508074,
      "P26": 0.563278,
      "P27": 0.507335,
      "P28": 0.577836,
      "P29": 0.524539,
      "P30": 0.583467,
      "P31": 0.558443,
      "P32": 0.503816,
      "P33": 0.410656,
      "P34": 0.49588,
      "P35": 0.482858,
      "P36": 0.407101,
      "P37": 0.480523,
      "P38": 0.60989,
      "P39": 0.655343,
      "P40": 0.352485,
      "P41": 0.389269,
      "P42": 0.480914,
      "P43": 0.372535,
      "P44": 0.372667,
      "P45": 0.403837,
      "P46": 0.628723,
      "P47": 0.537098,
      "P48": 0.391147,
      "P49": 0.600912,
      "P50": 0.431008,
      "P51": 0.424126,
      "P53": 0.407848,
      "P54": 0.350332,
      "P55": 0.443648,
      "P56": 0.532187,
      "P57": 0.446947,
      "P58": 0.347648,
      "P59": 0.367337,
      "P60": 0.540648,
      "P61": 0.522863,
      "P62": 0.548508,
      "P63": 0.562258
    },
    "top_5_provinces": [
      "P39",
      "P46",
      "P12",
      "P14",
      "P38"
    ],
    "n_ranked": 61
  }
}