Criterion,Sensitivity,Rank,Interpretation
C03,1.000000,1,High
C07,0.922518,2,High
C06,0.781891,3,High
C08,0.723926,4,High
C01,0.672308,5,High
C04,0.555419,6,High
C02,0.444785,7,High
C05,0.397239,8,High
