Fold,r2,mse,mae,rank_corr
1,0.960823,0.001119,0.027106,0.962317
2,0.964513,0.001013,0.025275,0.973031
Mean,0.962668,0.001066,0.026191,0.967674
Std,0.001845,0.000053,0.000915,0.005357
