Feature,Importance,Rank
C17,0.149054,1
C14,0.127776,2
C15,0.117482,3
C16,0.093918,4
C19,0.058650,5
C08,0.056653,6
C03,0.054574,7
C20,0.049997,8
C13,0.042394,9
C06,0.038170,10
C05,0.037940,11
C11,0.033489,12
C09,0.031334,13
C18,0.030456,14
C12,0.023037,15
C07,0.015229,16
C01,0.013433,17
C02,0.013134,18
C10,0.009303,19
C04,0.003977,20
