Feature,Importance,Rank
C17,0.147219,1
C14,0.136172,2
C15,0.118497,3
C16,0.090862,4
C08,0.057535,5
C03,0.054922,6
C20,0.053147,7
C19,0.052721,8
C05,0.042171,9
C13,0.041500,10
C06,0.038024,11
C11,0.034752,12
C18,0.029626,13
C09,0.027994,14
C12,0.022898,15
C07,0.015927,16
C02,0.013107,17
C01,0.009691,18
C10,0.008674,19
C04,0.004561,20
