Rank,Entity,TOPSIS_Score,TOPSIS_Rank,Dynamic_TOPSIS_Score,VIKOR_Q,VIKOR_S,VIKOR_R,VIKOR_Rank,Fuzzy_TOPSIS_Score,Final_Score,Final_Rank
1,P01,0.822041,1,0.728434,0.000000,0.113112,0.113112,1,0.890330,5.000000,1
2,P03,0.573900,2,0.684035,0.355427,0.404339,0.202626,2,0.592635,4.000000,2
3,P02,0.419219,3,0.652166,0.570487,0.625215,0.244212,3,0.378628,3.000000,3
4,P04,0.301932,4,0.330474,0.748799,0.696479,0.310194,4,0.302041,2.000000,4
5,P06,0.129910,5,0.503572,0.952685,0.888892,0.354403,6,0.112254,0.666667,5
6,P05,0.050397,6,0.321193,0.937788,0.969978,0.324381,5,0.030367,0.333333,6
