{
  "prediction_year": 2025,
  "training_years": [
    2020,
    2021,
    2022,
    2023,
    2024
  ],
  "n_entities": 64,
  "n_components": 20,
  "top_predicted_entity": "P14",
  "top_predicted_score": 0.8568344993059318,
  "mean_predicted_score": 0.5126817584944805,
  "model_contributions": {
    "GradientBoosting": 0.4096666528329313,
    "RandomForest": 6.790556067082974e-06,
    "BayesianRidge": 0.47209921938218397,
    "Huber": 0.11822733722881754
  }
}