mse,mae,rmse
0.152970,0.382277,0.391114
