Entity,TOPSIS_Score,TOPSIS_Rank,TOPSIS_Distance_Positive,TOPSIS_Distance_Negative,Dynamic_TOPSIS_Score,Fuzzy_TOPSIS_Score,VIKOR_Q,VIKOR_S,VIKOR_R,VIKOR_Rank
P01,0.822041,1,0.039756,0.183644,0.728434,0.890330,0.000000,0.113112,0.113112,1
P03,0.573900,2,0.104844,0.141211,0.684035,0.592635,0.355427,0.404339,0.202626,2
P02,0.419219,3,0.136026,0.098186,0.652166,0.378628,0.570487,0.625215,0.244212,3
P04,0.301932,4,0.149227,0.064544,0.330474,0.302041,0.748799,0.696479,0.310194,4
P06,0.129910,5,0.186401,0.027831,0.503572,0.112254,0.952685,0.888892,0.354403,6
P05,0.050397,6,0.198825,0.010552,0.321193,0.030367,0.937788,0.969978,0.324381,5
