Variable,Coefficient
C01,0.000000
C02,-0.000000
C03,-0.000000
C04,-0.000000
C05,-0.000000
C06,-0.000000
C07,-0.000000
C08,0.000000
C09,-0.000000
C10,0.000000
C11,0.000000
C12,0.000000
C13,-0.000000
C14,-0.000000
C15,0.000000
C16,-0.000000
C17,-0.000000
C18,-0.000000
C19,0.000000
C20,0.000000
year_2021,0.000000
year_2022,0.000000
year_2023,0.000000
year_2024,0.000000
