r2,mse,mae
0.964513,0.001013,0.025275
