r2,mse,mae
0.966146,0.000997,0.024660
