Criterion,Sensitivity_Index,Rank
C01,1.000000,1
C02,0.769231,2
C05,0.733333,3
C03,0.697436,4
C17,0.538462,5
C04,0.528205,6
C13,0.461538,7
C19,0.456410,8
C18,0.425641,9
C08,0.415385,10
C15,0.405128,11
C16,0.394872,12
C20,0.389744,13
C14,0.374359,14
C07,0.271795,15
C09,0.266667,16
C06,0.220513,17
C11,0.215385,18
C10,0.153846,19
C12,0.112821,20
