Year,Coefficient_of_Variation
2020,0.342569
2021,0.342569
2022,0.342569
2023,0.342569
2024,0.342569
