Component,Entropy_Weight,Critic_Weight,Ensemble_Weight,Mean_Weight,Std_Weight,Rank
C04,0.258423,0.454849,0.354403,0.355892,0.080198,1
C03,0.304053,0.213920,0.263632,0.260535,0.036862,2
C02,0.305545,0.152727,0.223302,0.227191,0.062448,3
C01,0.131979,0.178504,0.158663,0.156382,0.019062,4
