{
  "generated_at": "2026-03-04T14:45:40.421052+00:00",
  "execution_time_seconds": 877.515,
  "panel": {
    "n_provinces": 63,
    "n_years": 14,
    "years": [
      2011,
      2012,
      2013,
      2014,
      2015,
      2016,
      2017,
      2018,
      2019,
      2020,
      2021,
      2022,
      2023,
      2024
    ],
    "n_criteria": 8,
    "n_subcriteria": 29,
    "provinces": [
      "P01",
      "P02",
      "P03",
      "P04",
      "P05",
      "P06",
      "P07",
      "P08",
      "P09",
      "P10",
      "P11",
      "P12",
      "P13",
      "P14",
      "P15",
      "P16",
      "P17",
      "P18",
      "P19",
      "P20",
      "P21",
      "P22",
      "P23",
      "P24",
      "P25",
      "P26",
      "P27",
      "P28",
      "P29",
      "P30",
      "P31",
      "P32",
      "P33",
      "P34",
      "P35",
      "P36",
      "P37",
      "P38",
      "P39",
      "P40",
      "P41",
      "P42",
      "P43",
      "P44",
      "P45",
      "P46",
      "P47",
      "P48",
      "P49",
      "P50",
      "P51",
      "P52",
      "P53",
      "P54",
      "P55",
      "P56",
      "P57",
      "P58",
      "P59",
      "P60",
      "P61",
      "P62",
      "P63"
    ]
  },
  "ranking": {
    "final_ranking": {
      "P01": 36,
      "P02": 29,
      "P03": 54,
      "P04": 17,
      "P05": 34,
      "P06": 44,
      "P07": 38,
      "P08": 40,
      "P09": 27,
      "P10": 45,
      "P11": 26,
      "P12": 2,
      "P13": 23,
      "P14": 7,
      "P15": 24,
      "P16": 30,
      "P18": 13,
      "P19": 43,
      "P20": 47,
      "P21": 19,
      "P22": 9,
      "P23": 37,
      "P24": 20,
      "P25": 33,
      "P26": 12,
      "P27": 22,
      "P28": 8,
      "P29": 11,
      "P30": 4,
      "P31": 15,
      "P32": 28,
      "P33": 41,
      "P34": 25,
      "P35": 32,
      "P36": 50,
      "P37": 39,
      "P38": 5,
      "P39": 1,
      "P40": 60,
      "P41": 53,
      "P42": 35,
      "P43": 57,
      "P44": 56,
      "P45": 51,
      "P46": 3,
      "P47": 18,
      "P48": 55,
      "P49": 6,
      "P50": 48,
      "P51": 49,
      "P53": 52,
      "P54": 61,
      "P55": 42,
      "P56": 21,
      "P57": 46,
      "P58": 59,
      "P59": 58,
      "P60": 14,
      "P61": 31,
      "P62": 16,
      "P63": 10
    },
    "final_scores": {
      "P01": 0.458577,
      "P02": 0.486455,
      "P03": 0.38236,
      "P04": 0.526138,
      "P05": 0.470582,
      "P06": 0.421884,
      "P07": 0.450881,
      "P08": 0.43053,
      "P09": 0.490688,
      "P10": 0.418841,
      "P11": 0.491859,
      "P12": 0.595633,
      "P13": 0.501687,
      "P14": 0.556696,
      "P15": 0.499589,
      "P16": 0.484264,
      "P18": 0.538446,
      "P19": 0.422286,
      "P20": 0.415289,
      "P21": 0.513492,
      "P22": 0.553297,
      "P23": 0.454507,
      "P24": 0.512735,
      "P25": 0.474378,
      "P26": 0.542647,
      "P27": 0.509486,
      "P28": 0.555913,
      "P29": 0.54466,
      "P30": 0.589187,
      "P31": 0.533724,
      "P32": 0.489674,
      "P33": 0.429112,
      "P34": 0.493473,
      "P35": 0.478566,
      "P36": 0.406232,
      "P37": 0.447037,
      "P38": 0.581906,
      "P39": 0.631015,
      "P40": 0.349711,
      "P41": 0.389016,
      "P42": 0.461594,
      "P43": 0.363292,
      "P44": 0.364147,
      "P45": 0.392191,
      "P46": 0.589355,
      "P47": 0.516286,
      "P48": 0.37064,
      "P49": 0.57205,
      "P50": 0.410521,
      "P51": 0.407392,
      "P53": 0.389091,
      "P54": 0.328243,
      "P55": 0.427896,
      "P56": 0.512317,
      "P57": 0.418815,
      "P58": 0.360342,
      "P59": 0.361362,
      "P60": 0.536144,
      "P61": 0.483369,
      "P62": 0.528273,
      "P63": 0.552155
    },
    "top_5_provinces": [
      "P39",
      "P12",
      "P46",
      "P30",
      "P38"
    ],
    "n_ranked": 61
  }
}