,window_index,window_label,year_start,year_end,rho_to_next,cv_mean
0,0,w_2011_2015,2011,2015,1,0.419003
1,1,w_2012_2016,2012,2016,0.975904,0.419003
2,2,w_2013_2017,2013,2017,0.970077,0.419003
3,3,w_2014_2018,2014,2018,0.880952,0.419003
4,4,w_2015_2019,2015,2019,0.833333,0.419003
5,5,w_2016_2020,2016,2020,0.714286,0.419003
6,6,w_2017_2021,2017,2021,0.428571,0.419003
7,7,w_2018_2022,2018,2022,0.97619,0.419003
8,8,w_2019_2023,2019,2023,0.97619,0.419003
9,9,w_2020_2024,2020,2024,,0.419003
