Criterion,Coefficient_Variation
C01,0.142856
C02,0.221027
C03,0.203382
C04,0.30535
C05,0.204986
C06,0.229291
C07,1.01311
C08,1.03202
