{
  "n_models": 5,
  "n_predictions": 61,
  "model_weights": {
    "GradientBoosting": 0.15662512771676537,
    "BayesianRidge": 0.3910655946355732,
    "QuantileRF": 0.2051165599304858,
    "PanelVAR": 0.11402708943338405,
    "NAM": 0.13316562828379155
  },
  "holdout_performance": {
    "r2": 0.9730406226457095,
    "rmse": 0.08342967944794512,
    "mae": 0.05225544256172006
  },
  "training_info": {
    "n_samples": 126,
    "n_features": 464,
    "n_features_reduced": 25,
    "pca_variance_retained": 0.8634352794485767,
    "mode": "advanced",
    "ensemble_method": "super_learner",
    "conformal_calibrated": true
  },
  "data_summary": {
    "n_entities": 61,
    "n_components": 29
  }
}